{
  "$schema": "https://developer.joomla.org/schemas/json-schema/web_assets.json",
  "name": "mod_event_collection",
  "version": "1.0.0",
  "description": "Joomla Module Tutorial",
  "license": "GPL-2.0-or-later",
  "assets": [
    {
      "name": "mod_event_collection.add-suffix",
      "type": "script",
      "uri": "mod_event_collection/add-suffix.js",
      "dependencies": [
        "core"
      ],
      "attributes": {
        "type": "module"
      },
      "version": "1.0.0"
    },
    {
      "name": "mod_event_collection.example",
      "type": "style",
      "uri": "mod_event_collection/main.css",
      "version": "1.0.0"
    },
    {
      "name": "bootstrap5-bundle",
      "type": "script",
      "uri": "https://cdn.jsdelivr.net/npm/bootstrap@5.0.2/dist/js/bootstrap.bundle.min.js",
      "attributes": {
        "integrity": "sha384-MrcW6ZMFYlzcLA8Nl+NtUVF0sA7MsXsP1UyJoMp4YLEuNSfAP+JcXn/tWtIaxVXM",
        "crossorigin": "anonymous"
      }
    }
  ]
}